anatomy_group,n,n_empty,empty_rate
hepato_biliary,68,14,0.20588235294117646
renal_urinary,89,16,0.1797752808988764
reproductive,13,2,0.15384615384615385
gastro_intestinal,21,3,0.14285714285714285
cardio_vascular,77,4,0.05194805194805195
other,107,4,0.037383177570093455
musculoskeletal,50,1,0.02
pulmonary,121,2,0.01652892561983471
neuro_headneck,10,0,0.0
