{
  "predict_anatomy_group": {
    "status": "ok",
    "n": 556,
    "n_classes": 9,
    "accuracy": 0.8812949640287769,
    "macro_f1": 0.8220618283133431
  },
  "predict_laterality_all": {
    "status": "ok",
    "n": 556,
    "n_classes": 4,
    "accuracy": 0.9568345323741008,
    "macro_f1": 0.9442651800027855
  },
  "predict_laterality_no_none": {
    "status": "ok",
    "n": 303,
    "n_classes": 3,
    "accuracy": 0.9702970297029703,
    "macro_f1": 0.9652857369362838
  }
}