level,n,none_count,has_laterality_rate
QA (per-question),2777,2263,0.1850918257111991
Region (any question),556,277,0.5017985611510791
Region (label_desc),556,251,0.5485611510791366
Region (combined),556,246,0.5575539568345323
