size_bucket,n_regions,n_cases,empty_rate,voxels_mean,slices_mean,components_mean,stv_mean,label_desc_words_mean,q_words_mean,a_words_mean,q_lat_any_rate,q_unc_any_rate,q_neg_any_rate,desc_lat_rate
Q1_small,128,91,0.0,53.6015625,1.703125,2.0234375,1.0,13.203125,15.0859375,17.946875,0.4609375,0.234375,0.0859375,0.453125
Q2_medium,127,91,0.0,362.20472440944883,5.0236220472440944,6.771653543307087,0.9982418700329917,13.125984251968504,15.333858267716536,17.992519685039372,0.5354330708661418,0.23622047244094488,0.07086614173228346,0.5590551181102362
Q3_large,127,94,0.0,2233.496062992126,8.448818897637794,8.307086614173228,0.9398889478667459,14.173228346456693,15.222047244094489,18.048818897637794,0.3543307086614173,0.18110236220472442,0.007874015748031496,0.3700787401574803
Q4_xlarge,128,68,0.0,47534.8359375,14.15625,3.84375,0.5584736028779701,13.34375,15.008203125,17.951171875,0.5390625,0.2421875,0.0234375,0.6015625
empty,46,40,1.0,0.0,0.0,,,11.673913043478262,15.604347826086956,17.40869565217391,0.45652173913043476,0.3695652173913043,0.10869565217391304,0.43478260869565216
