complexity_bucket,n_regions,n_cases,empty_rate,voxels_mean,slices_mean,components_mean,stv_mean,label_desc_words_mean,q_words_mean,a_words_mean,q_lat_any_rate,q_unc_any_rate,q_neg_any_rate,desc_lat_rate
low_complex,170,97,0.0,36358.99411764706,12.282352941176471,2.664705882352941,0.6243757651892952,13.51764705882353,14.986176470588235,17.909117647058824,0.5235294117647059,0.21176470588235294,0.023529411764705882,0.5764705882352941
mid_complex,340,157,0.0,705.7205882352941,4.8617647058823525,6.508823529411765,0.9984804557631373,13.43235294117647,15.25,18.022499999999997,0.4470588235294118,0.22941176470588234,0.058823529411764705,0.45588235294117646
unknown,46,40,1.0,0.0,0.0,,,11.673913043478262,15.604347826086956,17.40869565217391,0.45652173913043476,0.3695652173913043,0.10869565217391304,0.43478260869565216
