{
  "spearman_logvox_vs_label_desc_words": 0.09752037445701398,
  "spearman_logvox_vs_question_words_mean": -0.05527248397797281,
  "spearman_stv_vs_question_words_mean": 0.031763200935047704
}