anatomy_group,n,n_empty,empty_rate
renal_urinary,109,23,0.21100917431192662
reproductive,18,3,0.16666666666666666
hepato_biliary,50,7,0.14
gastro_intestinal,18,1,0.05555555555555555
other,76,4,0.05263157894736842
cardio_vascular,79,4,0.05063291139240506
musculoskeletal,66,2,0.030303030303030304
pulmonary,121,2,0.01652892561983471
neuro_headneck,19,0,0.0
