{
  "predict_anatomy_group": {
    "status": "ok",
    "n": 556,
    "n_classes": 9,
    "n_splits": 5,
    "accuracy": 0.8794964028776978,
    "macro_f1": 0.8364793951300821
  },
  "predict_laterality_all": {
    "status": "ok",
    "n": 556,
    "n_classes": 4,
    "n_splits": 5,
    "accuracy": 0.960431654676259,
    "macro_f1": 0.9192964343317584
  },
  "predict_laterality_no_none": {
    "status": "ok",
    "n": 273,
    "n_classes": 3,
    "n_splits": 5,
    "accuracy": 0.967032967032967,
    "macro_f1": 0.9387087336782459
  }
}